"date","agegroup","cases_unvac_rate_per100K","cases_partial_vac_rate_per100K","cases_full_vac_rate_per100K","cases_unvac_rate_7ma","cases_partial_vac_rate_7ma","cases_full_vac_rate_7ma"
2021-09-13,"0-11yrs",6.24,0.00,0.00,,,
2021-09-13,"12-17yrs",13.11,1.92,0.80,,,
2021-09-13,"18-39yrs",13.51,6.70,2.00,,,
2021-09-13,"40-59yrs",10.91,6.04,1.41,,,
2021-09-13,"60-79yrs",9.62,0.00,0.49,,,
2021-09-13,"80+",13.64,0.00,0.64,,,
2021-09-13,"ALL",9.58,5.02,1.26,,,
2021-09-14,"0-11yrs",4.80,5.58,0.00,,,
2021-09-14,"12-17yrs",17.33,5.86,0.48,,,
2021-09-14,"18-39yrs",11.81,6.75,2.09,,,
2021-09-14,"40-59yrs",11.26,7.98,1.24,,,
2021-09-14,"60-79yrs",7.57,1.17,0.61,,,
2021-09-14,"80+",13.76,0.00,0.80,,,
2021-09-14,"ALL",8.64,6.21,1.26,,,
2021-09-15,"0-11yrs",4.75,0.00,0.00,,,
2021-09-15,"12-17yrs",12.90,1.00,0.47,,,
2021-09-15,"18-39yrs",13.39,7.50,2.25,,,
2021-09-15,"40-59yrs",9.65,4.28,1.60,,,
2021-09-15,"60-79yrs",11.01,2.38,0.65,,,
2021-09-15,"80+",5.56,0.00,1.45,,,
2021-09-15,"ALL",8.65,5.11,1.46,,,
2021-09-16,"0-11yrs",7.24,0.00,0.00,,,
2021-09-16,"12-17yrs",13.96,7.06,0.31,,,
2021-09-16,"18-39yrs",21.77,7.51,3.59,,,
2021-09-16,"40-59yrs",15.77,6.69,1.79,,,
2021-09-16,"60-79yrs",14.06,3.61,1.40,,,
2021-09-16,"80+",16.84,0.00,0.96,,,
2021-09-16,"ALL",13.30,6.54,2.09,,,
2021-09-17,"0-11yrs",6.58,10.47,0.00,,,
2021-09-17,"12-17yrs",17.47,3.05,1.09,,,
2021-09-17,"18-39yrs",19.31,8.67,2.99,,,
2021-09-17,"40-59yrs",10.85,4.31,2.34,,,
2021-09-17,"60-79yrs",13.74,2.43,1.33,,,
2021-09-17,"80+",0.00,0.00,1.28,,,
2021-09-17,"ALL",11.54,6.19,2.12,,,
2021-09-18,"0-11yrs",7.63,10.31,0.00,,,
2021-09-18,"12-17yrs",19.63,4.09,1.09,,,
2021-09-18,"18-39yrs",19.90,8.69,3.24,,,
2021-09-18,"40-59yrs",12.17,7.24,1.56,,,
2021-09-18,"60-79yrs",9.95,3.68,1.48,,,
2021-09-18,"80+",8.60,0.00,1.12,,,
2021-09-18,"ALL",12.34,7.16,1.99,,,
2021-09-19,"0-11yrs",8.40,0.00,0.00,6.52,3.77,-0.00
2021-09-19,"12-17yrs",12.09,5.13,1.08,15.21,4.02,0.76
2021-09-19,"18-39yrs",15.16,6.85,2.19,16.41,7.52,2.62
2021-09-19,"40-59yrs",11.46,3.40,1.75,11.72,5.71,1.67
2021-09-19,"60-79yrs",13.05,3.71,1.29,11.29,2.43,1.04
2021-09-19,"80+",11.56,0.00,2.08,9.99,-0.00,1.19
2021-09-19,"ALL",11.14,5.19,1.74,10.74,5.92,1.70
2021-09-20,"0-11yrs",6.58,5.11,0.00,6.57,4.50,-0.00
2021-09-20,"12-17yrs",11.19,5.14,1.08,14.94,4.48,0.80
2021-09-20,"18-39yrs",11.89,5.92,2.05,16.18,7.41,2.63
2021-09-20,"40-59yrs",11.34,3.41,1.39,11.79,5.33,1.67
2021-09-20,"60-79yrs",10.04,6.20,1.13,11.35,3.31,1.13
2021-09-20,"80+",8.73,0.00,1.44,9.29,0.00,1.30
2021-09-20,"ALL",9.19,5.09,1.51,10.69,5.93,1.74
2021-09-21,"0-11yrs",5.69,0.00,0.00,6.70,3.70,-0.00
2021-09-21,"12-17yrs",12.22,4.12,0.77,14.21,4.23,0.84
2021-09-21,"18-39yrs",12.73,4.74,1.82,16.31,7.13,2.59
2021-09-21,"40-59yrs",9.50,2.44,1.46,11.53,4.54,1.70
2021-09-21,"60-79yrs",13.14,4.97,0.98,12.14,3.85,1.18
2021-09-21,"80+",8.81,0.00,1.28,8.59,0.00,1.37
2021-09-21,"ALL",8.93,3.91,1.39,10.73,5.60,1.76
2021-09-22,"0-11yrs",4.70,0.00,0.00,6.69,3.70,-0.00
2021-09-22,"12-17yrs",10.87,2.06,0.77,13.92,4.38,0.88
2021-09-22,"18-39yrs",9.97,3.09,1.78,15.82,6.50,2.52
2021-09-22,"40-59yrs",7.52,2.45,1.07,11.23,4.28,1.62
2021-09-22,"60-79yrs",9.27,1.25,1.02,11.89,3.69,1.23
2021-09-22,"80+",5.95,0.00,1.76,8.64,0.00,1.42
2021-09-22,"ALL",7.10,2.50,1.30,10.51,5.23,1.73
2021-09-23,"0-11yrs",7.57,0.00,0.00,6.74,3.70,-0.00
2021-09-23,"12-17yrs",18.45,2.07,0.31,14.56,3.67,0.88
2021-09-23,"18-39yrs",14.80,5.46,1.78,14.82,6.20,2.26
2021-09-23,"40-59yrs",12.31,4.94,1.71,10.74,4.03,1.61
2021-09-23,"60-79yrs",11.57,5.05,1.21,11.54,3.90,1.21
2021-09-23,"80+",24.08,10.04,0.96,9.68,1.43,1.42
2021-09-23,"ALL",11.12,4.89,1.46,10.19,4.99,1.64
2021-09-24,"0-11yrs",7.36,0.00,0.00,6.85,2.20,-0.00
2021-09-24,"12-17yrs",22.05,7.22,1.22,15.21,4.26,0.90
2021-09-24,"18-39yrs",15.31,6.43,2.19,14.25,5.88,2.15
2021-09-24,"40-59yrs",14.81,10.94,1.93,11.30,4.97,1.55
2021-09-24,"60-79yrs",14.92,0.00,0.87,11.71,3.55,1.14
2021-09-24,"80+",63.69,0.00,1.76,18.77,1.43,1.49
2021-09-24,"ALL",11.93,6.71,1.67,10.25,5.06,1.58
2021-09-25,"0-11yrs",6.06,5.48,0.00,6.62,1.51,-0.00
2021-09-25,"12-17yrs",15.00,3.12,1.06,14.55,4.12,0.90
2021-09-25,"18-39yrs",14.54,6.95,1.83,13.49,5.63,1.95
2021-09-25,"40-59yrs",12.17,5.02,1.73,11.30,4.66,1.58
2021-09-25,"60-79yrs",9.05,3.86,1.13,11.58,3.58,1.09
2021-09-25,"80+",22.08,0.00,1.12,20.70,1.43,1.49
2021-09-25,"ALL",9.92,5.56,1.52,9.90,4.84,1.51
2021-09-26,"0-11yrs",7.30,5.68,0.00,6.47,2.32,-0.00
2021-09-26,"12-17yrs",14.63,2.10,1.36,14.92,3.69,0.94
2021-09-26,"18-39yrs",15.35,6.03,2.17,13.51,5.52,1.95
2021-09-26,"40-59yrs",10.34,4.55,1.60,11.14,4.82,1.56
2021-09-26,"60-79yrs",14.58,2.59,0.79,11.80,3.42,1.02
2021-09-26,"80+",45.57,0.00,0.96,25.56,1.43,1.33
2021-09-26,"ALL",10.71,4.74,1.51,9.84,4.77,1.48
2021-09-27,"0-11yrs",7.02,0.00,0.00,6.53,1.59,-0.00
2021-09-27,"12-17yrs",13.21,4.19,0.91,15.20,3.55,0.91
2021-09-27,"18-39yrs",12.53,4.60,2.07,13.60,5.33,1.95
2021-09-27,"40-59yrs",8.64,3.55,1.57,10.76,4.84,1.58
2021-09-27,"60-79yrs",14.65,6.50,1.09,12.45,3.46,1.01
2021-09-27,"80+",23.39,0.00,1.59,27.65,1.43,1.35
2021-09-27,"ALL",9.43,4.27,1.56,9.88,4.65,1.49
2021-09-28,"0-11yrs",4.15,5.87,0.00,6.31,2.43,0.00
2021-09-28,"12-17yrs",11.32,3.14,1.21,15.08,3.41,0.98
2021-09-28,"18-39yrs",10.24,3.64,1.56,13.25,5.17,1.91
2021-09-28,"40-59yrs",9.72,4.08,1.38,10.79,5.08,1.57
2021-09-28,"60-79yrs",14.17,0.00,0.49,12.60,2.75,0.94
2021-09-28,"80+",24.26,5.13,0.96,29.86,2.17,1.30
2021-09-28,"ALL",7.49,3.31,1.16,9.67,4.57,1.45
2021-09-29,"0-11yrs",4.32,12.00,0.00,6.25,4.15,0.00
2021-09-29,"12-17yrs",10.93,7.34,0.60,15.08,4.17,0.95
2021-09-29,"18-39yrs",11.90,3.66,1.27,13.52,5.25,1.84
2021-09-29,"40-59yrs",11.89,4.63,1.60,11.41,5.39,1.65
2021-09-29,"60-79yrs",11.82,3.96,0.68,12.97,3.14,0.89
2021-09-29,"80+",25.41,0.00,0.48,32.64,2.17,1.12
2021-09-29,"ALL",8.20,4.44,1.12,9.83,4.85,1.43
2021-09-30,"0-11yrs",7.02,0.00,0.00,6.18,4.15,0.00
2021-09-30,"12-17yrs",15.04,5.26,0.45,14.60,4.62,0.97
2021-09-30,"18-39yrs",13.90,4.90,1.93,13.40,5.17,1.86
2021-09-30,"40-59yrs",15.50,6.73,1.66,11.87,5.64,1.64
2021-09-30,"60-79yrs",18.87,1.33,1.09,14.01,2.61,0.88
2021-09-30,"80+",26.61,0.00,0.95,33.00,0.73,1.12
2021-09-30,"ALL",11.11,4.84,1.47,9.83,4.84,1.43
2021-10-01,"0-11yrs",6.12,0.00,0.00,6.00,4.15,0.00
2021-10-01,"12-17yrs",10.61,3.17,1.05,12.96,4.05,0.95
2021-10-01,"18-39yrs",15.72,5.67,1.80,13.45,5.06,1.80
2021-10-01,"40-59yrs",15.60,4.69,1.78,11.98,4.75,1.62
2021-10-01,"60-79yrs",15.87,4.03,1.42,14.14,3.18,0.96
2021-10-01,"80+",41.92,5.19,1.27,29.89,1.47,1.05
2021-10-01,"ALL",10.79,4.87,1.61,9.66,4.58,1.42
2021-10-02,"0-11yrs",7.58,0.00,0.00,6.22,3.36,-0.00
2021-10-02,"12-17yrs",17.32,7.50,0.74,13.29,4.67,0.90
2021-10-02,"18-39yrs",15.21,7.46,2.42,13.55,5.14,1.89
2021-10-02,"40-59yrs",12.14,1.58,2.00,11.98,4.26,1.66
2021-10-02,"60-79yrs",12.18,5.43,1.46,14.59,3.41,1.00
2021-10-02,"80+",44.07,0.00,2.22,33.03,1.47,1.20
2021-10-02,"ALL",11.03,5.55,1.92,9.82,4.57,1.48
2021-10-03,"0-11yrs",5.33,0.00,0.00,5.93,2.55,0.00
2021-10-03,"12-17yrs",10.26,8.69,0.74,12.67,5.61,0.81
2021-10-03,"18-39yrs",10.24,4.26,1.91,12.82,4.88,1.85
2021-10-03,"40-59yrs",11.48,6.37,2.03,12.14,4.52,1.72
2021-10-03,"60-79yrs",10.97,1.37,1.24,14.08,3.23,1.07
2021-10-03,"80+",76.76,0.00,1.59,37.49,1.47,1.29
2021-10-03,"ALL",8.17,4.84,1.68,9.46,4.59,1.50
2021-10-04,"0-11yrs",5.61,0.00,0.00,5.73,2.55,0.00
2021-10-04,"12-17yrs",9.26,2.19,0.74,12.11,5.33,0.79
2021-10-04,"18-39yrs",10.17,3.02,1.53,12.48,4.66,1.77
2021-10-04,"40-59yrs",12.04,3.73,1.36,12.62,4.54,1.69
2021-10-04,"60-79yrs",15.56,0.00,1.16,14.21,2.30,1.08
2021-10-04,"80+",111.6,0.00,1.74,50.09,1.47,1.32
2021-10-04,"ALL",8.57,2.69,1.34,9.34,4.36,1.47
2021-10-05,"0-11yrs",4.71,0.00,0.00,5.81,1.71,-0.00
2021-10-05,"12-17yrs",10.35,3.29,1.48,11.97,5.35,0.83
2021-10-05,"18-39yrs",7.52,4.05,1.84,12.09,4.72,1.81
2021-10-05,"40-59yrs",7.23,4.30,1.14,12.27,4.58,1.65
2021-10-05,"60-79yrs",10.47,0.00,0.67,13.68,2.30,1.10
2021-10-05,"80+",66.97,0.00,0.79,56.19,0.74,1.29
2021-10-05,"ALL",6.46,3.48,1.24,9.19,4.39,1.48
2021-10-06,"0-11yrs",4.55,0.00,0.00,5.85,-0.00,-0.00
2021-10-06,"12-17yrs",14.09,0.00,0.29,12.42,4.30,0.78
2021-10-06,"18-39yrs",10.36,1.28,1.30,11.87,4.38,1.82
2021-10-06,"40-59yrs",11.29,3.80,1.90,12.18,4.46,1.70
2021-10-06,"60-79yrs",19.19,1.40,1.34,14.73,1.94,1.20
2021-10-06,"80+",17.73,0.00,0.16,55.09,0.74,1.25
2021-10-06,"ALL",8.20,1.69,1.36,9.19,3.99,1.52
2021-10-07,"0-11yrs",6.12,0.00,0.00,5.72,-0.00,0.00
2021-10-07,"12-17yrs",16.32,5.58,0.44,12.60,4.35,0.78
2021-10-07,"18-39yrs",12.37,3.37,2.01,11.66,4.16,1.83
2021-10-07,"40-59yrs",11.75,2.75,1.70,11.65,3.89,1.70
2021-10-07,"60-79yrs",22.77,2.82,1.31,15.29,2.15,1.23
2021-10-07,"80+",0.00,10.61,1.11,51.29,2.26,1.27
2021-10-07,"ALL",9.78,3.56,1.58,9.00,3.81,1.53
2021-10-08,"0-11yrs",5.16,9.47,0.00,5.58,1.35,0.00
2021-10-08,"12-17yrs",11.16,3.39,1.17,12.68,4.38,0.80
2021-10-08,"18-39yrs",10.14,5.00,2.18,10.86,4.06,1.88
2021-10-08,"40-59yrs",10.36,4.45,2.02,10.90,3.85,1.74
2021-10-08,"60-79yrs",25.72,2.85,1.60,16.69,1.98,1.25
2021-10-08,"80+",61.19,0.00,0.95,54.05,1.52,1.22
2021-10-08,"ALL",8.45,4.41,1.84,8.67,3.75,1.57
2021-10-09,"0-11yrs",7.24,0.00,0.00,5.53,1.35,0.00
2021-10-09,"12-17yrs",20.39,2.32,0.44,13.12,3.64,0.76
2021-10-09,"18-39yrs",14.46,4.29,2.69,10.75,3.61,1.92
2021-10-09,"40-59yrs",10.07,5.66,1.89,10.60,4.44,1.72
2021-10-09,"60-79yrs",21.20,2.89,1.19,17.98,1.62,1.22
2021-10-09,"80+",131.8,5.37,1.11,66.58,2.28,1.06
2021-10-09,"ALL",10.90,4.09,1.82,8.65,3.54,1.55
2021-10-10,"0-11yrs",5.05,10.98,0.00,5.49,2.92,-0.00
2021-10-10,"12-17yrs",24.38,2.37,1.16,15.14,2.73,0.82
2021-10-10,"18-39yrs",10.68,5.45,1.49,10.81,3.78,1.86
2021-10-10,"40-59yrs",12.57,3.44,1.73,10.76,4.02,1.68
2021-10-10,"60-79yrs",14.48,0.00,1.12,18.48,1.42,1.20
2021-10-10,"80+",70.24,0.00,0.79,65.65,2.28,0.95
2021-10-10,"ALL",9.06,4.01,1.40,8.77,3.42,1.51
2021-10-11,"0-11yrs",4.32,0.00,0.00,5.31,2.92,0.00
2021-10-11,"12-17yrs",14.14,3.58,0.43,15.83,2.93,0.77
2021-10-11,"18-39yrs",7.73,3.57,1.25,10.47,3.86,1.82
2021-10-11,"40-59yrs",14.30,1.73,1.32,11.08,3.73,1.67
2021-10-11,"60-79yrs",19.41,2.92,1.30,19.03,1.84,1.22
2021-10-11,"80+",124.6,0.00,0.63,67.50,2.28,0.79
2021-10-11,"ALL",7.94,2.93,1.19,8.68,3.45,1.49
2021-10-12,"0-11yrs",4.26,0.00,0.00,5.24,2.92,0.00
2021-10-12,"12-17yrs",10.40,2.40,0.14,15.84,2.81,0.58
2021-10-12,"18-39yrs",6.85,1.94,1.27,10.37,3.56,1.74
2021-10-12,"40-59yrs",7.94,2.90,1.38,11.18,3.53,1.71
2021-10-12,"60-79yrs",11.88,1.47,1.26,19.24,2.05,1.30
2021-10-12,"80+",53.62,0.00,1.42,65.60,2.28,0.88
2021-10-12,"ALL",6.14,2.11,1.24,8.64,3.26,1.49
2021-10-13,"0-11yrs",3.81,0.00,0.00,5.14,2.92,-0.00
2021-10-13,"12-17yrs",9.38,3.65,1.00,15.17,3.33,0.68
2021-10-13,"18-39yrs",5.74,1.40,1.12,9.71,3.57,1.72
2021-10-13,"40-59yrs",5.52,3.52,1.13,10.36,3.49,1.60
2021-10-13,"60-79yrs",7.78,0.00,0.67,17.61,1.85,1.21
2021-10-13,"80+",89.18,0.00,0.95,75.80,2.28,0.99
2021-10-13,"ALL",5.08,1.99,0.99,8.19,3.30,1.44
2021-10-14,"0-11yrs",3.31,0.00,9.09,4.74,2.92,1.30
2021-10-14,"12-17yrs",10.57,2.47,0.14,14.35,2.88,0.64
2021-10-14,"18-39yrs",8.27,1.14,1.41,9.12,3.26,1.63
2021-10-14,"40-59yrs",10.15,4.74,1.47,10.13,3.78,1.56
2021-10-14,"60-79yrs",15.71,2.99,1.37,16.60,1.87,1.22
2021-10-14,"80+",164.6,0.00,2.05,99.32,0.77,1.13
2021-10-14,"ALL",6.56,2.30,1.38,7.73,3.12,1.41
2021-10-15,"0-11yrs",4.43,0.00,0.00,4.63,1.57,1.30
2021-10-15,"12-17yrs",14.00,6.25,0.85,14.75,3.29,0.59
2021-10-15,"18-39yrs",11.90,1.73,2.04,9.38,2.79,1.61
2021-10-15,"40-59yrs",9.24,4.79,1.56,9.97,3.83,1.50
2021-10-15,"60-79yrs",19.45,1.51,1.08,15.70,1.68,1.14
2021-10-15,"80+",36.35,0.00,1.42,95.77,0.77,1.20
2021-10-15,"ALL",8.09,2.91,1.53,7.68,2.91,1.36
2021-10-16,"0-11yrs",4.88,0.00,0.00,4.29,1.57,1.30
2021-10-16,"12-17yrs",13.54,5.12,0.85,13.77,3.69,0.65
2021-10-16,"18-39yrs",10.31,2.05,1.91,8.78,2.47,1.50
2021-10-16,"40-59yrs",10.85,5.48,1.74,10.08,3.80,1.48
2021-10-16,"60-79yrs",17.46,3.04,1.15,15.17,1.70,1.14
2021-10-16,"80+",207.3,0.00,0.00,106.6,-0.00,1.04
2021-10-16,"ALL",8.17,3.26,1.48,7.29,2.79,1.32
2021-10-17,"0-11yrs",4.21,0.00,0.00,4.17,0.00,1.30
2021-10-17,"12-17yrs",12.50,6.53,0.85,12.08,4.29,0.61
2021-10-17,"18-39yrs",9.16,2.97,1.31,8.57,2.11,1.47
2021-10-17,"40-59yrs",7.39,1.23,1.49,9.34,3.48,1.44
2021-10-17,"60-79yrs",10.99,3.07,1.63,14.67,2.14,1.21
2021-10-17,"80+",231.8,5.49,2.05,129.6,0.78,1.22
2021-10-17,"ALL",6.71,3.01,1.46,6.96,2.64,1.32
2021-10-18,"0-11yrs",4.21,0.00,0.00,4.16,0.00,1.30
2021-10-18,"12-17yrs",10.83,3.96,0.14,11.60,4.34,0.57
2021-10-18,"18-39yrs",6.53,2.40,1.13,8.39,1.95,1.46
2021-10-18,"40-59yrs",8.77,2.48,1.40,8.55,3.59,1.45
2021-10-18,"60-79yrs",15.45,1.54,0.74,14.10,1.95,1.13
2021-10-18,"80+",0.00,5.50,0.63,111.8,1.57,1.22
2021-10-18,"ALL",6.23,2.57,1.02,6.71,2.59,1.30
2021-10-19,"0-11yrs",3.98,0.00,0.00,4.12,-0.00,1.30
2021-10-19,"12-17yrs",8.02,1.34,0.28,11.26,4.19,0.59
2021-10-19,"18-39yrs",6.33,1.82,1.31,8.32,1.93,1.46
2021-10-19,"40-59yrs",5.68,3.75,1.12,8.23,3.71,1.42
2021-10-19,"60-79yrs",8.16,4.64,0.78,13.57,2.40,1.06
2021-10-19,"80+",0.00,0.00,0.31,104.2,1.57,1.06
2021-10-19,"ALL",5.16,2.45,0.99,6.57,2.64,1.26
2021-10-20,"0-11yrs",3.20,0.00,0.00,4.03,0.00,1.30
2021-10-20,"12-17yrs",6.92,2.71,0.56,10.91,4.05,0.52
2021-10-20,"18-39yrs",8.34,2.46,1.04,8.69,2.08,1.45
2021-10-20,"40-59yrs",9.06,1.27,1.02,8.73,3.39,1.40
2021-10-20,"60-79yrs",9.00,0.00,0.48,13.75,2.40,1.03
2021-10-20,"80+",224.2,5.54,0.00,123.5,2.36,0.92
2021-10-20,"ALL",5.80,1.55,0.79,6.67,2.58,1.24
2021-10-21,"0-11yrs",4.15,17.23,0.00,4.15,2.46,-0.00
2021-10-21,"12-17yrs",11.61,5.50,0.70,11.06,4.49,0.60
2021-10-21,"18-39yrs",8.52,1.56,1.42,8.73,2.14,1.45
2021-10-21,"40-59yrs",8.51,2.56,1.76,8.50,3.08,1.44
2021-10-21,"60-79yrs",12.12,1.58,1.00,13.23,2.20,0.98
2021-10-21,"80+",388.7,0.00,0.47,155.5,2.36,0.70
2021-10-21,"ALL",6.64,2.35,1.31,6.69,2.59,1.23
2021-10-22,"0-11yrs",4.93,0.00,0.00,4.22,2.46,-0.00
2021-10-22,"12-17yrs",7.01,2.79,0.97,10.06,3.99,0.62
2021-10-22,"18-39yrs",8.46,4.41,1.94,8.24,2.52,1.44
2021-10-22,"40-59yrs",11.36,1.94,1.79,8.80,2.67,1.47
2021-10-22,"60-79yrs",15.32,1.59,1.22,12.64,2.21,1.00
2021-10-22,"80+",447.8,5.61,0.47,214.3,3.16,0.56
2021-10-22,"ALL",7.31,3.33,1.56,6.57,2.65,1.23
2021-10-23,"0-11yrs",3.98,0.00,0.00,4.09,2.46,-0.00
2021-10-23,"12-17yrs",10.00,5.71,0.55,9.56,4.08,0.58
2021-10-23,"18-39yrs",7.90,2.88,1.44,7.89,2.64,1.37
2021-10-23,"40-59yrs",9.83,1.96,1.29,8.66,2.17,1.41
2021-10-23,"60-79yrs",6.20,1.61,0.41,11.03,2.00,0.89
2021-10-23,"80+",533.3,5.63,0.47,260.8,3.97,0.63
2021-10-23,"ALL",6.21,2.90,1.02,6.29,2.59,1.16
2021-10-24,"0-11yrs",4.31,0.00,0.00,4.11,2.46,-0.00
2021-10-24,"12-17yrs",8.29,4.36,0.00,8.95,3.77,0.46
2021-10-24,"18-39yrs",6.30,3.24,1.26,7.48,2.68,1.36
2021-10-24,"40-59yrs",6.85,5.94,1.45,8.58,2.84,1.40
2021-10-24,"60-79yrs",7.02,0.00,1.11,10.47,1.57,0.82
2021-10-24,"80+",4196,0.00,0.47,827.1,3.18,0.40
2021-10-24,"ALL",5.64,3.58,1.14,6.14,2.68,1.12
2021-10-25,"0-11yrs",4.20,0.00,0.00,4.11,2.46,-0.00
2021-10-25,"12-17yrs",10.68,0.00,0.97,8.93,3.20,0.58
2021-10-25,"18-39yrs",5.44,1.30,1.14,7.33,2.52,1.36
2021-10-25,"40-59yrs",6.46,1.99,0.89,8.25,2.77,1.33
2021-10-25,"60-79yrs",10.19,0.00,0.59,9.72,1.35,0.80
2021-10-25,"80+",0.00,0.00,0.63,827.1,2.40,0.40
2021-10-25,"ALL",5.43,1.15,0.88,6.03,2.47,1.10
2021-10-26,"0-11yrs",3.08,0.00,0.00,3.98,2.46,-0.00
2021-10-26,"12-17yrs",3.56,1.47,0.55,8.30,3.22,0.61
2021-10-26,"18-39yrs",4.43,2.62,0.91,7.06,2.64,1.31
2021-10-26,"40-59yrs",6.47,1.33,1.02,8.36,2.43,1.32
2021-10-26,"60-79yrs",9.46,0.00,0.81,9.90,0.68,0.80
2021-10-26,"80+",0.00,0.00,0.47,827.1,2.40,0.43
2021-10-26,"ALL",4.22,1.81,0.86,5.89,2.38,1.08
2021-10-27,"0-11yrs",3.14,0.00,0.00,3.97,2.46,0.00
2021-10-27,"12-17yrs",7.77,0.00,0.41,8.42,2.83,0.59
2021-10-27,"18-39yrs",5.61,2.33,1.14,6.67,2.62,1.32
2021-10-27,"40-59yrs",6.91,2.02,1.23,8.06,2.53,1.35
2021-10-27,"60-79yrs",7.96,3.27,1.29,9.75,1.15,0.92
2021-10-27,"80+",0.00,0.00,0.16,795.1,1.61,0.45
2021-10-27,"ALL",4.71,2.00,1.09,5.74,2.45,1.12
2021-10-28,"0-11yrs",4.37,0.00,0.00,4.00,-0.00,0.00
2021-10-28,"12-17yrs",10.82,3.03,0.69,8.30,2.48,0.59
2021-10-28,"18-39yrs",6.80,2.02,1.57,6.42,2.69,1.34
2021-10-28,"40-59yrs",8.38,4.77,1.32,8.04,2.85,1.28
2021-10-28,"60-79yrs",22.52,1.65,1.44,11.24,1.16,0.98
2021-10-28,"80+",0.00,0.00,0.47,739.6,1.61,0.45
2021-10-28,"ALL",6.58,2.70,1.33,5.73,2.50,1.13
2021-10-29,"0-11yrs",4.76,0.00,0.00,3.98,0.00,0.00
2021-10-29,"12-17yrs",9.06,3.09,0.55,8.60,2.52,0.53
2021-10-29,"18-39yrs",7.88,5.14,1.42,6.34,2.79,1.27
2021-10-29,"40-59yrs",8.63,2.77,1.50,7.65,2.97,1.24
2021-10-29,"60-79yrs",21.13,5.00,1.10,12.07,1.65,0.96
2021-10-29,"80+",0.00,0.00,1.25,675.6,0.80,0.56
2021-10-29,"ALL",6.93,4.12,1.29,5.67,2.61,1.09
2021-10-30,"0-11yrs",3.92,0.00,0.00,3.97,0.00,0.00
2021-10-30,"12-17yrs",11.56,1.58,0.27,8.82,1.93,0.49
2021-10-30,"18-39yrs",7.02,3.49,1.27,6.21,2.88,1.24
2021-10-30,"40-59yrs",6.82,2.11,1.41,7.22,2.99,1.26
2021-10-30,"60-79yrs",11.49,0.00,0.99,12.82,1.42,1.05
2021-10-30,"80+",0.00,0.00,1.09,599.4,0.00,0.65
2021-10-30,"ALL",5.87,2.27,1.16,5.63,2.52,1.11
2021-10-31,"0-11yrs",2.74,0.00,0.00,3.74,0.00,-0.00
2021-10-31,"12-17yrs",5.51,1.61,0.95,8.42,1.54,0.63
2021-10-31,"18-39yrs",6.66,2.48,1.32,6.26,2.77,1.25
2021-10-31,"40-59yrs",7.47,1.42,1.19,7.31,2.34,1.22
2021-10-31,"60-79yrs",14.89,1.70,0.77,13.95,1.66,1.00
2021-10-31,"80+",0.00,5.77,0.62,0.00,0.82,0.67
2021-10-31,"ALL",5.04,2.12,1.08,5.54,2.31,1.10
2021-11-01,"0-11yrs",4.70,0.00,0.00,3.82,-0.00,-0.00
2021-11-01,"12-17yrs",13.50,1.63,0.68,8.83,1.77,0.59
2021-11-01,"18-39yrs",9.30,2.50,1.81,6.81,2.94,1.35
2021-11-01,"40-59yrs",5.61,2.86,1.71,7.18,2.47,1.34
2021-11-01,"60-79yrs",16.63,1.70,1.18,14.87,1.90,1.08
2021-11-01,"80+",0.00,0.00,0.78,0.00,0.82,0.69
2021-11-01,"ALL",6.79,2.32,1.48,5.73,2.48,1.18
2021-11-02,"0-11yrs",3.53,0.00,0.00,3.88,-0.00,-0.00
2021-11-02,"12-17yrs",9.86,3.30,0.27,9.73,2.03,0.55
2021-11-02,"18-39yrs",4.08,1.08,1.49,6.76,2.72,1.43
2021-11-02,"40-59yrs",6.26,4.34,1.34,7.15,2.90,1.39
2021-11-02,"60-79yrs",13.42,5.14,1.07,15.43,2.64,1.12
2021-11-02,"80+",0.00,0.00,1.40,0.00,0.82,0.82
2021-11-02,"ALL",4.72,2.52,1.25,5.81,2.58,1.24
2021-11-03,"0-11yrs",2.97,0.00,0.00,3.86,-0.00,-0.00
2021-11-03,"12-17yrs",7.43,3.35,0.54,9.68,2.51,0.56
2021-11-03,"18-39yrs",7.68,2.57,1.43,7.06,2.75,1.47
2021-11-03,"40-59yrs",9.02,2.20,1.46,7.46,2.92,1.42
2021-11-03,"60-79yrs",12.70,0.00,1.17,16.11,2.17,1.10
2021-11-03,"80+",0.00,0.00,1.25,0.00,0.82,0.98
2021-11-03,"ALL",5.55,2.19,1.30,5.93,2.61,1.27
2021-11-04,"0-11yrs",4.20,0.00,0.00,3.83,0.00,-0.00
2021-11-04,"12-17yrs",6.85,3.39,0.54,9.11,2.56,0.54
2021-11-04,"18-39yrs",9.72,2.60,1.49,7.48,2.84,1.46
2021-11-04,"40-59yrs",9.48,3.70,1.95,7.61,2.77,1.51
2021-11-04,"60-79yrs",19.66,1.75,1.25,15.70,2.18,1.08
2021-11-04,"80+",0.00,0.00,0.78,0.00,0.82,1.02
2021-11-04,"ALL",6.90,2.77,1.46,5.97,2.62,1.29
2021-11-05,"0-11yrs",5.15,0.00,0.00,3.89,-0.00,-0.00
2021-11-05,"12-17yrs",10.01,1.72,0.94,9.25,2.37,0.60
2021-11-05,"18-39yrs",10.97,3.39,2.31,7.92,2.59,1.59
2021-11-05,"40-59yrs",10.58,3.75,2.28,7.89,2.91,1.62
2021-11-05,"60-79yrs",14.68,0.00,1.91,14.78,1.47,1.19
2021-11-05,"80+",0.00,0.00,5.30,-0.00,0.82,1.60
2021-11-05,"ALL",7.90,2.81,2.28,6.11,2.43,1.43
2021-11-06,"0-11yrs",4.36,0.00,0.00,3.95,-0.00,-0.00
2021-11-06,"12-17yrs",10.06,0.00,0.80,9.03,2.14,0.67
2021-11-06,"18-39yrs",12.24,2.30,2.73,8.66,2.42,1.80
2021-11-06,"40-59yrs",8.50,6.10,2.09,8.13,3.48,1.72
2021-11-06,"60-79yrs",19.15,1.78,1.32,15.88,1.72,1.24
2021-11-06,"80+",0.00,0.00,1.71,-0.00,0.82,1.69
2021-11-06,"ALL",7.73,2.86,1.99,6.38,2.51,1.55
2021-11-07,"0-11yrs",6.77,0.00,0.00,4.53,-0.00,-0.00
2021-11-07,"12-17yrs",15.81,1.78,0.94,10.50,2.17,0.67
2021-11-07,"18-39yrs",13.91,4.66,2.73,9.70,2.73,2.00
2021-11-07,"40-59yrs",12.16,1.54,2.40,8.80,3.50,1.89
2021-11-07,"60-79yrs",14.90,0.00,1.83,15.88,1.48,1.39
2021-11-07,"80+",0.00,0.00,2.49,-0.00,-0.00,1.96
2021-11-07,"ALL",9.95,2.89,2.27,7.08,2.62,1.72
2021-11-08,"0-11yrs",5.93,0.00,0.00,4.70,0.00,-0.00
2021-11-08,"12-17yrs",8.24,7.20,1.20,9.75,2.96,0.75
2021-11-08,"18-39yrs",9.74,3.13,2.04,9.76,2.82,2.03
2021-11-08,"40-59yrs",7.48,0.78,1.79,9.07,3.20,1.90
2021-11-08,"60-79yrs",15.87,0.00,1.32,15.77,1.24,1.41
2021-11-08,"80+",0.00,0.00,2.33,0.00,-0.00,2.18
2021-11-08,"ALL",7.48,2.52,1.74,7.18,2.65,1.76
2021-11-09,"0-11yrs",4.98,0.00,0.00,4.91,-0.00,-0.00
2021-11-09,"12-17yrs",6.99,1.82,1.07,9.34,2.75,0.86
2021-11-09,"18-39yrs",8.29,3.17,2.01,10.36,3.12,2.11
2021-11-09,"40-59yrs",8.57,3.92,1.30,9.40,3.14,1.90
2021-11-09,"60-79yrs",16.89,9.05,1.21,16.26,1.80,1.43
2021-11-09,"80+",0.00,0.00,2.80,-0.00,-0.00,2.38
2021-11-09,"ALL",6.91,3.73,1.58,7.49,2.82,1.80
2021-11-10,"0-11yrs",4.31,0.00,0.00,5.10,-0.00,0.00
2021-11-10,"12-17yrs",11.50,5.53,0.93,9.92,3.06,0.92
2021-11-10,"18-39yrs",8.33,2.01,2.09,10.46,3.04,2.20
2021-11-10,"40-59yrs",7.74,0.80,2.18,9.22,2.94,2.00
2021-11-10,"60-79yrs",13.45,1.83,1.28,16.37,2.06,1.45
2021-11-10,"80+",0.00,5.98,2.64,-0.00,0.85,2.58
2021-11-10,"ALL",6.49,2.19,1.87,7.62,2.82,1.88
2021-11-11,"0-11yrs",8.39,35.77,0.00,5.70,5.11,0.00
2021-11-11,"12-17yrs",15.39,1.87,0.93,11.14,2.85,0.97
2021-11-11,"18-39yrs",10.84,1.63,2.79,10.62,2.90,2.39
2021-11-11,"40-59yrs",12.31,8.86,2.54,9.62,3.68,2.08
2021-11-11,"60-79yrs",17.21,1.85,1.35,16.02,2.07,1.46
2021-11-11,"80+",0.00,0.00,2.80,-0.00,0.85,2.87
2021-11-11,"ALL",10.30,3.62,2.23,8.11,2.95,1.99
2021-11-12,"0-11yrs",5.59,36.67,0.00,5.76,10.35,0.00
2021-11-12,"12-17yrs",9.01,5.68,1.06,11.00,3.41,0.99
2021-11-12,"18-39yrs",13.37,4.14,2.28,10.96,3.01,2.38
2021-11-12,"40-59yrs",11.49,5.72,2.69,9.75,3.96,2.14
2021-11-12,"60-79yrs",23.74,5.60,1.28,17.32,2.87,1.37
2021-11-12,"80+",0.00,0.00,1.40,-0.00,0.85,2.31
2021-11-12,"ALL",9.21,4.90,2.02,8.30,3.24,1.96
2021-11-13,"0-11yrs",6.48,0.00,0.00,6.06,10.35,0.00
2021-11-13,"12-17yrs",21.33,9.65,1.46,12.61,4.79,1.08
2021-11-13,"18-39yrs",10.25,3.37,2.64,10.68,3.16,2.37
2021-11-13,"40-59yrs",13.93,4.16,2.99,10.53,3.68,2.27
2021-11-13,"60-79yrs",24.89,7.57,2.04,18.14,3.70,1.47
2021-11-13,"80+",0.00,0.00,2.02,-0.00,0.85,2.35
2021-11-13,"ALL",9.76,4.57,2.48,8.59,3.49,2.03
2021-11-14,"0-11yrs",6.99,0.00,0.00,6.10,10.35,0.00
2021-11-14,"12-17yrs",16.87,0.00,1.98,12.76,4.54,1.23
2021-11-14,"18-39yrs",9.03,5.97,2.92,9.98,3.35,2.40
2021-11-14,"40-59yrs",11.78,5.90,2.77,10.47,4.31,2.32
2021-11-14,"60-79yrs",25.06,3.81,2.01,19.59,4.24,1.50
2021-11-14,"80+",0.00,6.07,5.27,-0.00,1.72,2.75
2021-11-14,"ALL",9.31,5.04,2.72,8.49,3.80,2.09
2021-11-15,"0-11yrs",6.32,0.00,0.00,6.15,10.35,0.00
2021-11-15,"12-17yrs",12.34,11.81,1.32,13.35,5.19,1.25
2021-11-15,"18-39yrs",9.74,3.43,2.35,9.98,3.39,2.44
2021-11-15,"40-59yrs",13.98,6.79,2.17,11.40,5.16,2.38
2021-11-15,"60-79yrs",15.86,1.91,1.28,19.59,4.52,1.49
2021-11-15,"80+",0.00,0.00,1.71,-0.00,1.72,2.66
2021-11-15,"ALL",8.88,4.86,1.92,8.69,4.13,2.12
2021-11-16,"0-11yrs",4.47,0.00,0.00,6.08,10.35,0.00
2021-11-16,"12-17yrs",11.07,3.97,0.92,13.93,5.50,1.23
2021-11-16,"18-39yrs",9.08,3.46,2.07,10.09,3.43,2.45
2021-11-16,"40-59yrs",10.08,5.98,1.78,11.62,5.46,2.45
2021-11-16,"60-79yrs",22.57,0.00,1.64,20.40,3.22,1.55
2021-11-16,"80+",0.00,6.07,0.62,0.00,2.59,2.35
2021-11-16,"ALL",7.34,3.83,1.71,8.76,4.14,2.14
2021-11-17,"0-11yrs",5.64,42.34,0.00,6.27,16.40,-0.00
2021-11-17,"12-17yrs",9.80,0.00,0.92,13.69,4.71,1.23
2021-11-17,"18-39yrs",7.44,3.06,1.79,9.96,3.58,2.41
2021-11-17,"40-59yrs",13.41,5.17,2.35,12.43,6.08,2.47
2021-11-17,"60-79yrs",14.24,7.75,1.68,20.51,4.07,1.61
2021-11-17,"80+",0.00,6.09,1.08,0.00,2.60,2.13
2021-11-17,"ALL",7.79,4.08,1.83,8.94,4.41,2.13
2021-11-18,"0-11yrs",8.10,0.00,0.00,6.23,11.29,0.00
2021-11-18,"12-17yrs",9.18,6.08,2.50,12.80,5.31,1.45
2021-11-18,"18-39yrs",11.55,5.75,2.59,10.07,4.17,2.38
2021-11-18,"40-59yrs",11.69,7.84,2.89,12.34,5.94,2.52
2021-11-18,"60-79yrs",23.96,5.86,2.62,21.47,4.64,1.79
2021-11-18,"80+",0.00,0.00,5.27,0.00,2.60,2.48
2021-11-18,"ALL",10.05,6.08,2.84,8.91,4.77,2.22
2021-11-19,"0-11yrs",9.55,0.00,0.00,6.79,6.05,-0.00
2021-11-19,"12-17yrs",11.18,8.19,1.45,13.11,5.67,1.51
2021-11-19,"18-39yrs",13.30,4.47,2.81,10.06,4.22,2.45
2021-11-19,"40-59yrs",13.94,6.17,3.60,12.69,6.00,2.65
2021-11-19,"60-79yrs",34.81,1.97,2.66,23.06,4.12,1.99
2021-11-19,"80+",0.00,0.00,2.79,0.00,2.60,2.68
2021-11-19,"ALL",12.04,4.83,2.91,9.31,4.76,2.34
2021-11-20,"0-11yrs",9.05,0.00,0.00,7.16,6.05,-0.00
2021-11-20,"12-17yrs",21.13,4.18,1.84,13.08,4.89,1.56
2021-11-20,"18-39yrs",12.93,3.63,2.73,10.44,4.25,2.47
2021-11-20,"40-59yrs",11.99,5.36,3.24,12.41,6.17,2.69
2021-11-20,"60-79yrs",30.25,2.00,2.04,23.82,3.33,1.99
2021-11-20,"80+",0.00,0.00,1.70,-0.00,2.60,2.63
2021-11-20,"ALL",11.59,3.79,2.59,9.57,4.64,2.36
2021-11-21,"0-11yrs",9.38,0.00,11.34,7.50,6.05,1.62
2021-11-21,"12-17yrs",9.28,6.37,2.10,12.00,5.80,1.58
2021-11-21,"18-39yrs",12.97,4.13,3.61,11.00,3.99,2.56
2021-11-21,"40-59yrs",10.91,7.22,3.72,12.29,6.36,2.82
2021-11-21,"60-79yrs",26.52,0.00,1.78,24.03,2.78,1.96
2021-11-21,"80+",0.00,0.00,1.70,0.00,1.74,2.12
2021-11-21,"ALL",10.98,4.51,2.98,9.81,4.57,2.40
2021-11-22,"0-11yrs",6.92,0.00,0.00,7.59,6.05,1.62
2021-11-22,"12-17yrs",8.63,2.14,1.31,11.47,4.42,1.58
2021-11-22,"18-39yrs",9.85,6.47,3.08,11.02,4.42,2.67
2021-11-22,"40-59yrs",10.92,7.26,3.00,11.85,6.43,2.94
2021-11-22,"60-79yrs",24.68,0.00,2.00,25.29,2.51,2.06
2021-11-22,"80+",0.00,0.00,1.55,0.00,1.74,2.10
2021-11-22,"ALL",8.85,5.21,2.57,9.81,4.62,2.49
2021-11-23,"0-11yrs",5.81,0.00,0.00,7.78,6.05,1.62
2021-11-23,"12-17yrs",15.29,8.61,1.31,12.07,5.08,1.63
2021-11-23,"18-39yrs",11.60,5.13,2.86,11.38,4.66,2.78
2021-11-23,"40-59yrs",9.38,9.16,3.06,11.75,6.88,3.12
2021-11-23,"60-79yrs",32.86,8.10,1.64,26.76,3.67,2.06
2021-11-23,"80+",0.00,6.17,0.93,0.00,1.75,2.15
2021-11-23,"ALL",9.06,6.86,2.39,10.05,5.05,2.59
2021-11-24,"0-11yrs",8.60,0.00,0.00,8.20,0.00,1.62
2021-11-24,"12-17yrs",10.68,0.00,0.65,12.20,5.08,1.59
2021-11-24,"18-39yrs",8.77,3.77,2.27,11.57,4.76,2.85
2021-11-24,"40-59yrs",10.53,4.62,2.69,11.34,6.80,3.17
2021-11-24,"60-79yrs",15.08,2.04,1.85,26.88,2.85,2.08
2021-11-24,"80+",0.00,0.00,1.39,-0.00,0.88,2.19
2021-11-24,"ALL",9.23,3.23,2.13,10.26,4.93,2.63
2021-11-25,"0-11yrs",9.15,0.00,0.00,8.35,-0.00,1.62
2021-11-25,"12-17yrs",9.37,8.81,1.44,12.22,5.47,1.44
2021-11-25,"18-39yrs",13.57,3.81,3.43,11.86,4.49,2.97
2021-11-25,"40-59yrs",13.04,4.68,3.38,11.53,6.35,3.24
2021-11-25,"60-79yrs",19.26,4.12,2.69,26.21,2.60,2.09
2021-11-25,"80+",0.00,0.00,1.08,0.00,0.88,1.59
2021-11-25,"ALL",11.23,4.43,2.95,10.43,4.69,2.65
2021-11-26,"0-11yrs",12.67,54.53,0.00,8.80,7.79,1.62
2021-11-26,"12-17yrs",24.83,11.12,2.35,14.17,5.89,1.57
2021-11-26,"18-39yrs",14.35,4.81,4.28,12.01,4.54,3.18
2021-11-26,"40-59yrs",16.91,8.50,3.74,11.95,6.69,3.26
2021-11-26,"60-79yrs",31.71,4.14,2.58,25.77,2.91,2.08
2021-11-26,"80+",24.60,0.00,1.39,3.51,0.88,1.39
2021-11-26,"ALL",14.76,6.35,3.39,10.81,4.91,2.71
2021-11-27,"0-11yrs",11.94,0.00,0.00,9.21,7.79,1.62
2021-11-27,"12-17yrs",20.89,4.53,2.34,14.14,5.94,1.64
2021-11-27,"18-39yrs",16.15,6.33,2.98,12.47,4.92,3.22
2021-11-27,"40-59yrs",15.83,4.80,4.09,12.50,6.61,3.38
2021-11-27,"60-79yrs",24.78,6.27,2.54,24.98,3.52,2.15
2021-11-27,"80+",0.00,0.00,2.47,3.51,0.88,1.50
2021-11-27,"ALL",14.28,5.49,3.13,11.20,5.15,2.79
2021-11-28,"0-11yrs",12.28,0.00,0.00,9.62,7.79,-0.00
2021-11-28,"12-17yrs",20.97,4.61,2.47,15.81,5.69,1.70
2021-11-28,"18-39yrs",18.10,4.43,3.97,13.20,4.96,3.27
2021-11-28,"40-59yrs",18.14,8.73,4.15,13.54,6.82,3.44
2021-11-28,"60-79yrs",40.53,2.10,2.98,26.99,3.82,2.33
2021-11-28,"80+",0.00,0.00,1.85,3.51,0.88,1.52
2021-11-28,"ALL",15.79,5.06,3.55,11.89,5.23,2.87
